"filename", "language", "JSON", "TypeScript", "XML", "JavaScript", "JSON with Comments", "HTML", "C#", "Python", "TypeScript JSX", "PostCSS", "YAML", "C", "C++", "comment", "blank", "total"
"c:\Users\TunahanDELİSALİHOĞLU\Desktop\Hydronom\.vs\Hydronom\v17\DocumentLayout.backup.json", "JSON", 415, 0, 0, 0, 0, 0, 0, 0, 0, 0, 0, 0, 0, 0, 0, 415
"c:\Users\TunahanDELİSALİHOĞLU\Desktop\Hydronom\.vs\Hydronom\v17\DocumentLayout.json", "JSON", 421, 0, 0, 0, 0, 0, 0, 0, 0, 0, 0, 0, 0, 0, 0, 421
"c:\Users\TunahanDELİSALİHOĞLU\Desktop\Hydronom\HydroScanCommand\main.py", "Python", 0, 0, 0, 0, 0, 0, 0, 146, 0, 0, 0, 0, 0, 38, 34, 218
"c:\Users\TunahanDELİSALİHOĞLU\Desktop\Hydronom\HydroScan\app.py", "Python", 0, 0, 0, 0, 0, 0, 0, 172, 0, 0, 0, 0, 0, 113, 37, 322
"c:\Users\TunahanDELİSALİHOĞLU\Desktop\Hydronom\HydroScan\hydroscan\__init__.py", "Python", 0, 0, 0, 0, 0, 0, 0, 0, 0, 0, 0, 0, 0, 10, 2, 12
"c:\Users\TunahanDELİSALİHOĞLU\Desktop\Hydronom\HydroScan\hydroscan\live.py", "Python", 0, 0, 0, 0, 0, 0, 0, 116, 0, 0, 0, 0, 0, 124, 52, 292
"c:\Users\TunahanDELİSALİHOĞLU\Desktop\Hydronom\HydroScan\hydroscan\model.py", "Python", 0, 0, 0, 0, 0, 0, 0, 91, 0, 0, 0, 0, 0, 66, 33, 190
"c:\Users\TunahanDELİSALİHOĞLU\Desktop\Hydronom\HydroScan\hydroscan\parsing.py", "Python", 0, 0, 0, 0, 0, 0, 0, 371, 0, 0, 0, 0, 0, 201, 95, 667
"c:\Users\TunahanDELİSALİHOĞLU\Desktop\Hydronom\HydroScan\static\hydroscan.css", "PostCSS", 0, 0, 0, 0, 0, 0, 0, 0, 0, 263, 0, 0, 0, 15, 39, 317
"c:\Users\TunahanDELİSALİHOĞLU\Desktop\Hydronom\HydroScan\static\hydroscan.js", "JavaScript", 0, 0, 0, 1117, 0, 0, 0, 0, 0, 0, 0, 0, 0, 165, 184, 1466
"c:\Users\TunahanDELİSALİHOĞLU\Desktop\Hydronom\HydroScan\templates\index.html", "HTML", 0, 0, 0, 0, 0, 386, 0, 0, 0, 0, 0, 0, 0, 27, 32, 445
"c:\Users\TunahanDELİSALİHOĞLU\Desktop\Hydronom\hydronom-3d-viewer\backend\models.py", "Python", 0, 0, 0, 0, 0, 0, 0, 35, 0, 0, 0, 0, 0, 5, 7, 47
"c:\Users\TunahanDELİSALİHOĞLU\Desktop\Hydronom\hydronom-3d-viewer\backend\parser.py", "Python", 0, 0, 0, 0, 0, 0, 0, 38, 0, 0, 0, 0, 0, 14, 13, 65
"c:\Users\TunahanDELİSALİHOĞLU\Desktop\Hydronom\hydronom-3d-viewer\backend\server.py", "Python", 0, 0, 0, 0, 0, 0, 0, 61, 0, 0, 0, 0, 0, 10, 9, 80
"c:\Users\TunahanDELİSALİHOĞLU\Desktop\Hydronom\hydronom-3d-viewer\backend\tailer.py", "Python", 0, 0, 0, 0, 0, 0, 0, 35, 0, 0, 0, 0, 0, 12, 8, 55
"c:\Users\TunahanDELİSALİHOĞLU\Desktop\Hydronom\hydronom-3d-viewer\frontend\app.js", "JavaScript", 0, 0, 0, 471, 0, 0, 0, 0, 0, 0, 0, 0, 0, 48, 114, 633
"c:\Users\TunahanDELİSALİHOĞLU\Desktop\Hydronom\hydronom-3d-viewer\frontend\index.html", "HTML", 0, 0, 0, 0, 0, 112, 0, 0, 0, 0, 0, 0, 0, 0, 16, 128
"c:\Users\TunahanDELİSALİHOĞLU\Desktop\Hydronom\hydronom-ops\apps\hydronom-web\index.html", "HTML", 0, 0, 0, 0, 0, 15, 0, 0, 0, 0, 0, 0, 0, 0, 0, 15
"c:\Users\TunahanDELİSALİHOĞLU\Desktop\Hydronom\hydronom-ops\apps\hydronom-web\package-lock.json", "JSON", 2838, 0, 0, 0, 0, 0, 0, 0, 0, 0, 0, 0, 0, 0, 1, 2839
"c:\Users\TunahanDELİSALİHOĞLU\Desktop\Hydronom\hydronom-ops\apps\hydronom-web\package.json", "JSON", 28, 0, 0, 0, 0, 0, 0, 0, 0, 0, 0, 0, 0, 0, 0, 28
"c:\Users\TunahanDELİSALİHOĞLU\Desktop\Hydronom\hydronom-ops\apps\hydronom-web\postcss.config.cjs", "JavaScript", 0, 0, 0, 6, 0, 0, 0, 0, 0, 0, 0, 0, 0, 0, 0, 6
"c:\Users\TunahanDELİSALİHOĞLU\Desktop\Hydronom\hydronom-ops\apps\hydronom-web\src\app\App.tsx", "TypeScript JSX", 0, 0, 0, 0, 0, 0, 0, 0, 9, 0, 0, 0, 0, 1, 1, 11
"c:\Users\TunahanDELİSALİHOĞLU\Desktop\Hydronom\hydronom-ops\apps\hydronom-web\src\app\gateway\client\GatewayClient.ts", "TypeScript", 0, 196, 0, 0, 0, 0, 0, 0, 0, 0, 0, 0, 0, 0, 39, 235
"c:\Users\TunahanDELİSALİHOĞLU\Desktop\Hydronom\hydronom-ops\apps\hydronom-web\src\app\gateway\client\createGatewayWebSocket.ts", "TypeScript", 0, 122, 0, 0, 0, 0, 0, 0, 0, 0, 0, 0, 0, 0, 25, 147
"c:\Users\TunahanDELİSALİHOĞLU\Desktop\Hydronom\hydronom-ops\apps\hydronom-web\src\app\gateway\client\useGatewayConnection.ts", "TypeScript", 0, 81, 0, 0, 0, 0, 0, 0, 0, 0, 0, 0, 0, 4, 13, 98
"c:\Users\TunahanDELİSALİHOĞLU\Desktop\Hydronom\hydronom-ops\apps\hydronom-web\src\app\gateway\dispatchGatewayMessage.ts", "TypeScript", 0, 156, 0, 0, 0, 0, 0, 0, 0, 0, 0, 0, 0, 1, 33, 190
"c:\Users\TunahanDELİSALİHOĞLU\Desktop\Hydronom\hydronom-ops\apps\hydronom-web\src\app\gateway\startMockGatewayStream.ts", "TypeScript", 0, 424, 0, 0, 0, 0, 0, 0, 0, 0, 0, 0, 0, 1, 17, 442
"c:\Users\TunahanDELİSALİHOĞLU\Desktop\Hydronom\hydronom-ops\apps\hydronom-web\src\app\layout\AppShell.tsx", "TypeScript JSX", 0, 0, 0, 0, 0, 0, 0, 0, 146, 0, 0, 0, 0, 2, 13, 161
"c:\Users\TunahanDELİSALİHOĞLU\Desktop\Hydronom\hydronom-ops\apps\hydronom-web\src\app\providers\AppProviders.tsx", "TypeScript JSX", 0, 0, 0, 0, 0, 0, 0, 0, 64, 0, 0, 0, 0, 3, 12, 79
"c:\Users\TunahanDELİSALİHOĞLU\Desktop\Hydronom\hydronom-ops\apps\hydronom-web\src\app\router\index.tsx", "TypeScript JSX", 0, 0, 0, 0, 0, 0, 0, 0, 31, 0, 0, 0, 0, 1, 1, 33
"c:\Users\TunahanDELİSALİHOĞLU\Desktop\Hydronom\hydronom-ops\apps\hydronom-web\src\app\store\ui.store.ts", "TypeScript", 0, 16, 0, 0, 0, 0, 0, 0, 0, 0, 0, 0, 0, 1, 3, 20
"c:\Users\TunahanDELİSALİHOĞLU\Desktop\Hydronom\hydronom-ops\apps\hydronom-web\src\entities\actuator\model\actuator.types.ts", "TypeScript", 0, 32, 0, 0, 0, 0, 0, 0, 0, 0, 0, 0, 0, 5, 5, 42
"c:\Users\TunahanDELİSALİHOĞLU\Desktop\Hydronom\hydronom-ops\apps\hydronom-web\src\entities\diagnostics\model\diagnostics.types.ts", "TypeScript", 0, 36, 0, 0, 0, 0, 0, 0, 0, 0, 0, 0, 0, 4, 4, 44
"c:\Users\TunahanDELİSALİHOĞLU\Desktop\Hydronom\hydronom-ops\apps\hydronom-web\src\entities\mission\model\mission.types.ts", "TypeScript", 0, 42, 0, 0, 0, 0, 0, 0, 0, 0, 0, 0, 0, 5, 5, 52
"c:\Users\TunahanDELİSALİHOĞLU\Desktop\Hydronom\hydronom-ops\apps\hydronom-web\src\entities\sensor\model\sensor.types.ts", "TypeScript", 0, 69, 0, 0, 0, 0, 0, 0, 0, 0, 0, 0, 0, 11, 13, 93
"c:\Users\TunahanDELİSALİHOĞLU\Desktop\Hydronom\hydronom-ops\apps\hydronom-web\src\entities\telemetry\lib\normalize-gateway-payload.ts", "TypeScript", 0, 0, 0, 0, 0, 0, 0, 0, 0, 0, 0, 0, 0, 0, 1, 1
"c:\Users\TunahanDELİSALİHOĞLU\Desktop\Hydronom\hydronom-ops\apps\hydronom-web\src\entities\telemetry\model\gateway-events.ts", "TypeScript", 0, 0, 0, 0, 0, 0, 0, 0, 0, 0, 0, 0, 0, 0, 1, 1
"c:\Users\TunahanDELİSALİHOĞLU\Desktop\Hydronom\hydronom-ops\apps\hydronom-web\src\entities\telemetry\model\telemetry.schemas.ts", "TypeScript", 0, 0, 0, 0, 0, 0, 0, 0, 0, 0, 0, 0, 0, 0, 1, 1
"c:\Users\TunahanDELİSALİHOĞLU\Desktop\Hydronom\hydronom-ops\apps\hydronom-web\src\entities\telemetry\model\telemetry.types.ts", "TypeScript", 0, 0, 0, 0, 0, 0, 0, 0, 0, 0, 0, 0, 0, 0, 1, 1
"c:\Users\TunahanDELİSALİHOĞLU\Desktop\Hydronom\hydronom-ops\apps\hydronom-web\src\entities\vehicle\model\vehicle.types.ts", "TypeScript", 0, 378, 0, 0, 0, 0, 0, 0, 0, 0, 0, 0, 0, 16, 50, 444
"c:\Users\TunahanDELİSALİHOĞLU\Desktop\Hydronom\hydronom-ops\apps\hydronom-web\src\features\actuator-monitoring\store\actuator.store.ts", "TypeScript", 0, 107, 0, 0, 0, 0, 0, 0, 0, 0, 0, 0, 0, 1, 5, 113
"c:\Users\TunahanDELİSALİHOĞLU\Desktop\Hydronom\hydronom-ops\apps\hydronom-web\src\features\diagnostics-monitoring\store\diagnostics.store.ts", "TypeScript", 0, 198, 0, 0, 0, 0, 0, 0, 0, 0, 0, 0, 0, 1, 11, 210
"c:\Users\TunahanDELİSALİHOĞLU\Desktop\Hydronom\hydronom-ops\apps\hydronom-web\src\features\fleet-management\store\fleet.store.ts", "TypeScript", 0, 27, 0, 0, 0, 0, 0, 0, 0, 0, 0, 0, 0, 1, 3, 31
"c:\Users\TunahanDELİSALİHOĞLU\Desktop\Hydronom\hydronom-ops\apps\hydronom-web\src\features\gateway\model\GatewayClient.ts", "TypeScript", 0, 122, 0, 0, 0, 0, 0, 0, 0, 0, 0, 0, 0, 0, 25, 147
"c:\Users\TunahanDELİSALİHOĞLU\Desktop\Hydronom\hydronom-ops\apps\hydronom-web\src\features\gateway\store\gateway-connection.store.ts", "TypeScript", 0, 45, 0, 0, 0, 0, 0, 0, 0, 0, 0, 0, 0, 0, 8, 53
"c:\Users\TunahanDELİSALİHOĞLU\Desktop\Hydronom\hydronom-ops\apps\hydronom-web\src\features\gateway\store\gateway-settings.store.ts", "TypeScript", 0, 55, 0, 0, 0, 0, 0, 0, 0, 0, 0, 0, 0, 0, 13, 68
"c:\Users\TunahanDELİSALİHOĞLU\Desktop\Hydronom\hydronom-ops\apps\hydronom-web\src\features\mission-state\store\mission.store.ts", "TypeScript", 0, 97, 0, 0, 0, 0, 0, 0, 0, 0, 0, 0, 0, 1, 5, 103
"c:\Users\TunahanDELİSALİHOĞLU\Desktop\Hydronom\hydronom-ops\apps\hydronom-web\src\features\sensor-visualization\store\sensor.store.ts", "TypeScript", 0, 626, 0, 0, 0, 0, 0, 0, 0, 0, 0, 0, 0, 1, 43, 670
"c:\Users\TunahanDELİSALİHOĞLU\Desktop\Hydronom\hydronom-ops\apps\hydronom-web\src\features\vehicle-state\lib\map.utils.ts", "TypeScript", 0, 184, 0, 0, 0, 0, 0, 0, 0, 0, 0, 0, 0, 12, 42, 238
"c:\Users\TunahanDELİSALİHOĞLU\Desktop\Hydronom\hydronom-ops\apps\hydronom-web\src\features\vehicle-state\store\vehicle.store.ts", "TypeScript", 0, 116, 0, 0, 0, 0, 0, 0, 0, 0, 0, 0, 0, 0, 12, 128
"c:\Users\TunahanDELİSALİHOĞLU\Desktop\Hydronom\hydronom-ops\apps\hydronom-web\src\main.tsx", "TypeScript JSX", 0, 0, 0, 0, 0, 0, 0, 0, 9, 0, 0, 0, 0, 1, 1, 11
"c:\Users\TunahanDELİSALİHOĞLU\Desktop\Hydronom\hydronom-ops\apps\hydronom-web\src\pages\actuation\ActuationPage.tsx", "TypeScript JSX", 0, 0, 0, 0, 0, 0, 0, 0, 19, 0, 0, 0, 0, 0, 1, 20
"c:\Users\TunahanDELİSALİHOĞLU\Desktop\Hydronom\hydronom-ops\apps\hydronom-web\src\pages\diagnostics\DiagnosticsPage.tsx", "TypeScript JSX", 0, 0, 0, 0, 0, 0, 0, 0, 19, 0, 0, 0, 0, 0, 1, 20
"c:\Users\TunahanDELİSALİHOĞLU\Desktop\Hydronom\hydronom-ops\apps\hydronom-web\src\pages\fleet\FleetPage.tsx", "TypeScript JSX", 0, 0, 0, 0, 0, 0, 0, 0, 19, 0, 0, 0, 0, 0, 1, 20
"c:\Users\TunahanDELİSALİHOĞLU\Desktop\Hydronom\hydronom-ops\apps\hydronom-web\src\pages\mission-control\MissionControlPage.tsx", "TypeScript JSX", 0, 0, 0, 0, 0, 0, 0, 0, 551, 0, 0, 0, 0, 1, 63, 615
"c:\Users\TunahanDELİSALİHOĞLU\Desktop\Hydronom\hydronom-ops\apps\hydronom-web\src\pages\mission-map-canvas\MissionMapCanvasPage.tsx", "TypeScript JSX", 0, 0, 0, 0, 0, 0, 0, 0, 547, 0, 0, 0, 0, 1, 65, 613
"c:\Users\TunahanDELİSALİHOĞLU\Desktop\Hydronom\hydronom-ops\apps\hydronom-web\src\pages\mission-map-canvas\components\MissionMapCanvas.tsx", "TypeScript JSX", 0, 0, 0, 0, 0, 0, 0, 0, 673, 0, 0, 0, 0, 13, 129, 815
"c:\Users\TunahanDELİSALİHOĞLU\Desktop\Hydronom\hydronom-ops\apps\hydronom-web\src\pages\mission\MissionPage.tsx", "TypeScript JSX", 0, 0, 0, 0, 0, 0, 0, 0, 19, 0, 0, 0, 0, 0, 1, 20
"c:\Users\TunahanDELİSALİHOĞLU\Desktop\Hydronom\hydronom-ops\apps\hydronom-web\src\pages\sensors\SensorsPage.tsx", "TypeScript JSX", 0, 0, 0, 0, 0, 0, 0, 0, 538, 0, 0, 0, 0, 0, 90, 628
"c:\Users\TunahanDELİSALİHOĞLU\Desktop\Hydronom\hydronom-ops\apps\hydronom-web\src\pages\settings\SettingsPage.tsx", "TypeScript JSX", 0, 0, 0, 0, 0, 0, 0, 0, 460, 0, 0, 0, 0, 0, 37, 497
"c:\Users\TunahanDELİSALİHOĞLU\Desktop\Hydronom\hydronom-ops\apps\hydronom-web\src\pages\tactical-3d\Tactical3DPage.tsx", "TypeScript JSX", 0, 0, 0, 0, 0, 0, 0, 0, 572, 0, 0, 0, 0, 0, 105, 677
"c:\Users\TunahanDELİSALİHOĞLU\Desktop\Hydronom\hydronom-ops\apps\hydronom-web\src\shared\styles\index.css", "PostCSS", 0, 0, 0, 0, 0, 0, 0, 0, 0, 43, 0, 0, 0, 0, 8, 51
"c:\Users\TunahanDELİSALİHOĞLU\Desktop\Hydronom\hydronom-ops\apps\hydronom-web\src\shared\types\common.types.ts", "TypeScript", 0, 30, 0, 0, 0, 0, 0, 0, 0, 0, 0, 0, 0, 1, 6, 37
"c:\Users\TunahanDELİSALİHOĞLU\Desktop\Hydronom\hydronom-ops\apps\hydronom-web\src\shared\types\gateway.types.ts", "TypeScript", 0, 68, 0, 0, 0, 0, 0, 0, 0, 0, 0, 0, 0, 9, 11, 88
"c:\Users\TunahanDELİSALİHOĞLU\Desktop\Hydronom\hydronom-ops\apps\hydronom-web\src\widgets\diagnostics-summary\DiagnosticsSummaryCard.tsx", "TypeScript JSX", 0, 0, 0, 0, 0, 0, 0, 0, 122, 0, 0, 0, 0, 1, 15, 138
"c:\Users\TunahanDELİSALİHOĞLU\Desktop\Hydronom\hydronom-ops\apps\hydronom-web\src\widgets\mission-map\MissionMapPanel.tsx", "TypeScript JSX", 0, 0, 0, 0, 0, 0, 0, 0, 311, 0, 0, 0, 0, 11, 40, 362
"c:\Users\TunahanDELİSALİHOĞLU\Desktop\Hydronom\hydronom-ops\apps\hydronom-web\src\widgets\mission-map\components\GoalMarker.tsx", "TypeScript JSX", 0, 0, 0, 0, 0, 0, 0, 0, 13, 0, 0, 0, 0, 0, 1, 14
"c:\Users\TunahanDELİSALİHOĞLU\Desktop\Hydronom\hydronom-ops\apps\hydronom-web\src\widgets\mission-map\components\MapLegend.tsx", "TypeScript JSX", 0, 0, 0, 0, 0, 0, 0, 0, 25, 0, 0, 0, 0, 0, 2, 27
"c:\Users\TunahanDELİSALİHOĞLU\Desktop\Hydronom\hydronom-ops\apps\hydronom-web\src\widgets\mission-map\components\ObstacleLayer.tsx", "TypeScript JSX", 0, 0, 0, 0, 0, 0, 0, 0, 30, 0, 0, 0, 0, 0, 2, 32
"c:\Users\TunahanDELİSALİHOĞLU\Desktop\Hydronom\hydronom-ops\apps\hydronom-web\src\widgets\mission-map\components\RouteLayer.tsx", "TypeScript JSX", 0, 0, 0, 0, 0, 0, 0, 0, 19, 0, 0, 0, 0, 0, 2, 21
"c:\Users\TunahanDELİSALİHOĞLU\Desktop\Hydronom\hydronom-ops\apps\hydronom-web\src\widgets\mission-map\components\TrailLayer.tsx", "TypeScript JSX", 0, 0, 0, 0, 0, 0, 0, 0, 20, 0, 0, 0, 0, 0, 2, 22
"c:\Users\TunahanDELİSALİHOĞLU\Desktop\Hydronom\hydronom-ops\apps\hydronom-web\src\widgets\mission-map\components\VehicleMarker.tsx", "TypeScript JSX", 0, 0, 0, 0, 0, 0, 0, 0, 18, 0, 0, 0, 0, 0, 1, 19
"c:\Users\TunahanDELİSALİHOĞLU\Desktop\Hydronom\hydronom-ops\apps\hydronom-web\src\widgets\occupancy-summary\OccupancySummaryCard.tsx", "TypeScript JSX", 0, 0, 0, 0, 0, 0, 0, 0, 40, 0, 0, 0, 0, 1, 6, 47
"c:\Users\TunahanDELİSALİHOĞLU\Desktop\Hydronom\hydronom-ops\apps\hydronom-web\src\widgets\sensor-summary\SensorSummaryCard.tsx", "TypeScript JSX", 0, 0, 0, 0, 0, 0, 0, 0, 61, 0, 0, 0, 0, 1, 7, 69
"c:\Users\TunahanDELİSALİHOĞLU\Desktop\Hydronom\hydronom-ops\apps\hydronom-web\tailwind.config.ts", "TypeScript", 0, 22, 0, 0, 0, 0, 0, 0, 0, 0, 0, 0, 0, 1, 1, 24
"c:\Users\TunahanDELİSALİHOĞLU\Desktop\Hydronom\hydronom-ops\apps\hydronom-web\tsconfig.json", "JSON with Comments", 0, 0, 0, 0, 23, 0, 0, 0, 0, 0, 0, 0, 0, 0, 0, 23
"c:\Users\TunahanDELİSALİHOĞLU\Desktop\Hydronom\hydronom-ops\apps\hydronom-web\tsconfig.node.json", "JSON", 9, 0, 0, 0, 0, 0, 0, 0, 0, 0, 0, 0, 0, 0, 0, 9
"c:\Users\TunahanDELİSALİHOĞLU\Desktop\Hydronom\hydronom-ops\apps\hydronom-web\vite.config.ts", "TypeScript", 0, 9, 0, 0, 0, 0, 0, 0, 0, 0, 0, 0, 0, 1, 1, 11
"c:\Users\TunahanDELİSALİHOĞLU\Desktop\Hydronom\hydronom-ops\hydronom-ops.slnx", "XML", 0, 0, 2, 0, 0, 0, 0, 0, 0, 0, 0, 0, 0, 0, 1, 3
"c:\Users\TunahanDELİSALİHOĞLU\Desktop\Hydronom\native\include\hydro_sensors.h", "C++", 0, 0, 0, 0, 0, 0, 0, 0, 0, 0, 0, 0, 130, 65, 44, 239
"c:\Users\TunahanDELİSALİHOĞLU\Desktop\Hydronom\native\src\hydro_sensors.c", "C", 0, 0, 0, 0, 0, 0, 0, 0, 0, 0, 0, 168, 0, 57, 49, 274
"c:\Users\TunahanDELİSALİHOĞLU\Desktop\Hydronom\package-lock.json", "JSON", 744, 0, 0, 0, 0, 0, 0, 0, 0, 0, 0, 0, 0, 0, 1, 745
"c:\Users\TunahanDELİSALİHOĞLU\Desktop\Hydronom\package.json", "JSON", 7, 0, 0, 0, 0, 0, 0, 0, 0, 0, 0, 0, 0, 0, 1, 8
"c:\Users\TunahanDELİSALİHOĞLU\Desktop\Hydronom\publish_runtime\Hydronom.Runtime.deps.json", "JSON", 1015, 0, 0, 0, 0, 0, 0, 0, 0, 0, 0, 0, 0, 0, 0, 1015
"c:\Users\TunahanDELİSALİHOĞLU\Desktop\Hydronom\publish_runtime\Hydronom.Runtime.runtimeconfig.json", "JSON", 15, 0, 0, 0, 0, 0, 0, 0, 0, 0, 0, 0, 0, 0, 0, 15
"c:\Users\TunahanDELİSALİHOĞLU\Desktop\Hydronom\publish_runtime\appsettings.json", "JSON", 27, 0, 0, 0, 0, 0, 0, 0, 0, 0, 0, 0, 0, 0, 4, 31
"c:\Users\TunahanDELİSALİHOĞLU\Desktop\Hydronom\python\configs\default.yaml", "YAML", 0, 0, 0, 0, 0, 0, 0, 0, 0, 0, 54, 0, 0, 21, 11, 86
"c:\Users\TunahanDELİSALİHOĞLU\Desktop\Hydronom\python\core\__init__.py", "Python", 0, 0, 0, 0, 0, 0, 0, 0, 0, 0, 0, 0, 0, 0, 1, 1
"c:\Users\TunahanDELİSALİHOĞLU\Desktop\Hydronom\python\core\capability.py", "Python", 0, 0, 0, 0, 0, 0, 0, 30, 0, 0, 0, 0, 0, 5, 3, 38
"c:\Users\TunahanDELİSALİHOĞLU\Desktop\Hydronom\python\core\event.py", "Python", 0, 0, 0, 0, 0, 0, 0, 24, 0, 0, 0, 0, 0, 7, 6, 37
"c:\Users\TunahanDELİSALİHOĞLU\Desktop\Hydronom\python\core\external_state.py", "Python", 0, 0, 0, 0, 0, 0, 0, 16, 0, 0, 0, 0, 0, 11, 4, 31
"c:\Users\TunahanDELİSALİHOĞLU\Desktop\Hydronom\python\core\fused_state.py", "Python", 0, 0, 0, 0, 0, 0, 0, 36, 0, 0, 0, 0, 0, 28, 9, 73
"c:\Users\TunahanDELİSALİHOĞLU\Desktop\Hydronom\python\core\health.py", "Python", 0, 0, 0, 0, 0, 0, 0, 16, 0, 0, 0, 0, 0, 7, 5, 28
"c:\Users\TunahanDELİSALİHOĞLU\Desktop\Hydronom\python\core\sample.py", "Python", 0, 0, 0, 0, 0, 0, 0, 71, 0, 0, 0, 0, 0, 27, 15, 113
"c:\Users\TunahanDELİSALİHOĞLU\Desktop\Hydronom\python\core\timesync.py", "Python", 0, 0, 0, 0, 0, 0, 0, 9, 0, 0, 0, 0, 0, 3, 4, 16
"c:\Users\TunahanDELİSALİHOĞLU\Desktop\Hydronom\python\evaluation\__init__.py", "Python", 0, 0, 0, 0, 0, 0, 0, 1, 0, 0, 0, 0, 0, 1, 1, 3
"c:\Users\TunahanDELİSALİHOĞLU\Desktop\Hydronom\python\evaluation\evaluator.py", "Python", 0, 0, 0, 0, 0, 0, 0, 76, 0, 0, 0, 0, 0, 19, 17, 112
"c:\Users\TunahanDELİSALİHOĞLU\Desktop\Hydronom\python\fusion\__init__.py", "Python", 0, 0, 0, 0, 0, 0, 0, 1, 0, 0, 0, 0, 0, 1, 1, 3
"c:\Users\TunahanDELİSALİHOĞLU\Desktop\Hydronom\python\fusion\context.py", "Python", 0, 0, 0, 0, 0, 0, 0, 116, 0, 0, 0, 0, 0, 36, 41, 193
"c:\Users\TunahanDELİSALİHOĞLU\Desktop\Hydronom\python\fusion\fuser.py", "Python", 0, 0, 0, 0, 0, 0, 0, 340, 0, 0, 0, 0, 0, 81, 64, 485
"c:\Users\TunahanDELİSALİHOĞLU\Desktop\Hydronom\python\fusion\mapping\__init__.py", "Python", 0, 0, 0, 0, 0, 0, 0, 0, 0, 0, 0, 0, 0, 0, 1, 1
"c:\Users\TunahanDELİSALİHOĞLU\Desktop\Hydronom\python\fusion\mapping\interfaces.py", "Python", 0, 0, 0, 0, 0, 0, 0, 11, 0, 0, 0, 0, 0, 4, 2, 17
"c:\Users\TunahanDELİSALİHOĞLU\Desktop\Hydronom\python\fusion\mapping\occupancy_grid.py", "Python", 0, 0, 0, 0, 0, 0, 0, 235, 0, 0, 0, 0, 0, 67, 68, 370
"c:\Users\TunahanDELİSALİHOĞLU\Desktop\Hydronom\python\fusion\plugins\__init__.py", "Python", 0, 0, 0, 0, 0, 0, 0, 0, 0, 0, 0, 0, 0, 0, 1, 1
"c:\Users\TunahanDELİSALİHOĞLU\Desktop\Hydronom\python\fusion\plugins\base.py", "Python", 0, 0, 0, 0, 0, 0, 0, 30, 0, 0, 0, 0, 0, 28, 18, 76
"c:\Users\TunahanDELİSALİHOĞLU\Desktop\Hydronom\python\fusion\plugins\config.py", "Python", 0, 0, 0, 0, 0, 0, 0, 65, 0, 0, 0, 0, 0, 31, 11, 107
"c:\Users\TunahanDELİSALİHOĞLU\Desktop\Hydronom\python\fusion\plugins\ekf_localization.py", "Python", 0, 0, 0, 0, 0, 0, 0, 306, 0, 0, 0, 0, 0, 44, 78, 428
"c:\Users\TunahanDELİSALİHOĞLU\Desktop\Hydronom\python\fusion\plugins\lidar_obstacles.py", "Python", 0, 0, 0, 0, 0, 0, 0, 134, 0, 0, 0, 0, 0, 44, 40, 218
"c:\Users\TunahanDELİSALİHOĞLU\Desktop\Hydronom\python\fusion\plugins\lidar_runtime_obstacles.py", "Python", 0, 0, 0, 0, 0, 0, 0, 243, 0, 0, 0, 0, 0, 22, 77, 342
"c:\Users\TunahanDELİSALİHOĞLU\Desktop\Hydronom\python\fusion\plugins\occupancy_grid.py", "Python", 0, 0, 0, 0, 0, 0, 0, 203, 0, 0, 0, 0, 0, 16, 38, 257
"c:\Users\TunahanDELİSALİHOĞLU\Desktop\Hydronom\python\fusion\plugins\registry.py", "Python", 0, 0, 0, 0, 0, 0, 0, 74, 0, 0, 0, 0, 0, 27, 24, 125
"c:\Users\TunahanDELİSALİHOĞLU\Desktop\Hydronom\python\fusion\plugins\slam_odometry.py", "Python", 0, 0, 0, 0, 0, 0, 0, 316, 0, 0, 0, 0, 0, 51, 85, 452
"c:\Users\TunahanDELİSALİHOĞLU\Desktop\Hydronom\python\fusion\plugins\trace_trail.py", "Python", 0, 0, 0, 0, 0, 0, 0, 51, 0, 0, 0, 0, 0, 8, 10, 69
"c:\Users\TunahanDELİSALİHOĞLU\Desktop\Hydronom\python\fusion\plugins\vision_buoy.py", "Python", 0, 0, 0, 0, 0, 0, 0, 111, 0, 0, 0, 0, 0, 34, 23, 168
"c:\Users\TunahanDELİSALİHOĞLU\Desktop\Hydronom\python\fusion\slam\__init__.py", "Python", 0, 0, 0, 0, 0, 0, 0, 0, 0, 0, 0, 0, 0, 0, 1, 1
"c:\Users\TunahanDELİSALİHOĞLU\Desktop\Hydronom\python\fusion\slam\backends\__init__.py", "Python", 0, 0, 0, 0, 0, 0, 0, 0, 0, 0, 0, 0, 0, 0, 1, 1
"c:\Users\TunahanDELİSALİHOĞLU\Desktop\Hydronom\python\fusion\slam\backends\dead_reckon.py", "Python", 0, 0, 0, 0, 0, 0, 0, 58, 0, 0, 0, 0, 0, 16, 16, 90
"c:\Users\TunahanDELİSALİHOĞLU\Desktop\Hydronom\python\fusion\slam\interfaces.py", "Python", 0, 0, 0, 0, 0, 0, 0, 7, 0, 0, 0, 0, 0, 5, 2, 14
"c:\Users\TunahanDELİSALİHOĞLU\Desktop\Hydronom\python\fusion\slam\odometry.py", "Python", 0, 0, 0, 0, 0, 0, 0, 31, 0, 0, 0, 0, 0, 12, 8, 51
"c:\Users\TunahanDELİSALİHOĞLU\Desktop\Hydronom\python\gateway\tcp_client.py", "Python", 0, 0, 0, 0, 0, 0, 0, 261, 0, 0, 0, 0, 0, 64, 70, 395
"c:\Users\TunahanDELİSALİHOĞLU\Desktop\Hydronom\python\main.py", "Python", 0, 0, 0, 0, 0, 0, 0, 665, 0, 0, 0, 0, 0, 83, 146, 894
"c:\Users\TunahanDELİSALİHOĞLU\Desktop\Hydronom\python\sensors\__init__.py", "Python", 0, 0, 0, 0, 0, 0, 0, 0, 0, 0, 0, 0, 0, 0, 1, 1
"c:\Users\TunahanDELİSALİHOĞLU\Desktop\Hydronom\python\sensors\base_sensor.py", "Python", 0, 0, 0, 0, 0, 0, 0, 85, 0, 0, 0, 0, 0, 39, 28, 152
"c:\Users\TunahanDELİSALİHOĞLU\Desktop\Hydronom\python\sensors\camera\__init__.py", "Python", 0, 0, 0, 0, 0, 0, 0, 3, 0, 0, 0, 0, 0, 0, 2, 5
"c:\Users\TunahanDELİSALİHOĞLU\Desktop\Hydronom\python\sensors\camera\backends\__init__.py", "Python", 0, 0, 0, 0, 0, 0, 0, 0, 0, 0, 0, 0, 0, 0, 1, 1
"c:\Users\TunahanDELİSALİHOĞLU\Desktop\Hydronom\python\sensors\camera\backends\base.py", "Python", 0, 0, 0, 0, 0, 0, 0, 6, 0, 0, 0, 0, 0, 7, 2, 15
"c:\Users\TunahanDELİSALİHOĞLU\Desktop\Hydronom\python\sensors\camera\backends\opencv.py", "Python", 0, 0, 0, 0, 0, 0, 0, 232, 0, 0, 0, 0, 0, 91, 65, 388
"c:\Users\TunahanDELİSALİHOĞLU\Desktop\Hydronom\python\sensors\camera\backends\rtsp.py", "Python", 0, 0, 0, 0, 0, 0, 0, 268, 0, 0, 0, 0, 0, 74, 81, 423
"c:\Users\TunahanDELİSALİHOĞLU\Desktop\Hydronom\python\sensors\camera\backends\sim.py", "Python", 0, 0, 0, 0, 0, 0, 0, 32, 0, 0, 0, 0, 0, 4, 5, 41
"c:\Users\TunahanDELİSALİHOĞLU\Desktop\Hydronom\python\sensors\camera\camera.py", "Python", 0, 0, 0, 0, 0, 0, 0, 327, 0, 0, 0, 0, 0, 102, 80, 509
"c:\Users\TunahanDELİSALİHOĞLU\Desktop\Hydronom\python\sensors\camera\config.py", "Python", 0, 0, 0, 0, 0, 0, 0, 104, 0, 0, 0, 0, 0, 68, 42, 214
"c:\Users\TunahanDELİSALİHOĞLU\Desktop\Hydronom\python\sensors\gps\__init__.py", "Python", 0, 0, 0, 0, 0, 0, 0, 3, 0, 0, 0, 0, 0, 1, 3, 7
"c:\Users\TunahanDELİSALİHOĞLU\Desktop\Hydronom\python\sensors\gps\backends\__init__.py", "Python", 0, 0, 0, 0, 0, 0, 0, 0, 0, 0, 0, 0, 0, 0, 1, 1
"c:\Users\TunahanDELİSALİHOĞLU\Desktop\Hydronom\python\sensors\gps\backends\base.py", "Python", 0, 0, 0, 0, 0, 0, 0, 50, 0, 0, 0, 0, 0, 32, 18, 100
"c:\Users\TunahanDELİSALİHOĞLU\Desktop\Hydronom\python\sensors\gps\backends\gpsd.py", "Python", 0, 0, 0, 0, 0, 0, 0, 125, 0, 0, 0, 0, 0, 26, 24, 175
"c:\Users\TunahanDELİSALİHOĞLU\Desktop\Hydronom\python\sensors\gps\backends\nmea.py", "Python", 0, 0, 0, 0, 0, 0, 0, 294, 0, 0, 0, 0, 0, 45, 39, 378
"c:\Users\TunahanDELİSALİHOĞLU\Desktop\Hydronom\python\sensors\gps\backends\sim.py", "Python", 0, 0, 0, 0, 0, 0, 0, 96, 0, 0, 0, 0, 0, 43, 34, 173
"c:\Users\TunahanDELİSALİHOĞLU\Desktop\Hydronom\python\sensors\gps\backends\ubx_serial.py", "Python", 0, 0, 0, 0, 0, 0, 0, 0, 0, 0, 0, 0, 0, 0, 1, 1
"c:\Users\TunahanDELİSALİHOĞLU\Desktop\Hydronom\python\sensors\gps\config.py", "Python", 0, 0, 0, 0, 0, 0, 0, 19, 0, 0, 0, 0, 0, 5, 5, 29
"c:\Users\TunahanDELİSALİHOĞLU\Desktop\Hydronom\python\sensors\gps\gps.py", "Python", 0, 0, 0, 0, 0, 0, 0, 125, 0, 0, 0, 0, 0, 15, 24, 164
"c:\Users\TunahanDELİSALİHOĞLU\Desktop\Hydronom\python\sensors\imu\__init__.py", "Python", 0, 0, 0, 0, 0, 0, 0, 3, 0, 0, 0, 0, 0, 0, 2, 5
"c:\Users\TunahanDELİSALİHOĞLU\Desktop\Hydronom\python\sensors\imu\backends\__init__.py", "Python", 0, 0, 0, 0, 0, 0, 0, 20, 0, 0, 0, 0, 0, 3, 6, 29
"c:\Users\TunahanDELİSALİHOĞLU\Desktop\Hydronom\python\sensors\imu\backends\base.py", "Python", 0, 0, 0, 0, 0, 0, 0, 40, 0, 0, 0, 0, 0, 32, 15, 87
"c:\Users\TunahanDELİSALİHOĞLU\Desktop\Hydronom\python\sensors\imu\backends\serial.py", "Python", 0, 0, 0, 0, 0, 0, 0, 126, 0, 0, 0, 0, 0, 28, 23, 177
"c:\Users\TunahanDELİSALİHOĞLU\Desktop\Hydronom\python\sensors\imu\backends\sim.py", "Python", 0, 0, 0, 0, 0, 0, 0, 112, 0, 0, 0, 0, 0, 71, 35, 218
"c:\Users\TunahanDELİSALİHOĞLU\Desktop\Hydronom\python\sensors\imu\config.py", "Python", 0, 0, 0, 0, 0, 0, 0, 12, 0, 0, 0, 0, 0, 3, 4, 19
"c:\Users\TunahanDELİSALİHOĞLU\Desktop\Hydronom\python\sensors\imu\imu.py", "Python", 0, 0, 0, 0, 0, 0, 0, 218, 0, 0, 0, 0, 0, 22, 36, 276
"c:\Users\TunahanDELİSALİHOĞLU\Desktop\Hydronom\python\sensors\lidar\__init__.py", "Python", 0, 0, 0, 0, 0, 0, 0, 3, 0, 0, 0, 0, 0, 1, 2, 6
"c:\Users\TunahanDELİSALİHOĞLU\Desktop\Hydronom\python\sensors\lidar\backends\__init__.py", "Python", 0, 0, 0, 0, 0, 0, 0, 20, 0, 0, 0, 0, 0, 3, 6, 29
"c:\Users\TunahanDELİSALİHOĞLU\Desktop\Hydronom\python\sensors\lidar\backends\base.py", "Python", 0, 0, 0, 0, 0, 0, 0, 41, 0, 0, 0, 0, 0, 31, 11, 83
"c:\Users\TunahanDELİSALİHOĞLU\Desktop\Hydronom\python\sensors\lidar\backends\ldrobot.py", "Python", 0, 0, 0, 0, 0, 0, 0, 108, 0, 0, 0, 0, 0, 49, 34, 191
"c:\Users\TunahanDELİSALİHOĞLU\Desktop\Hydronom\python\sensors\lidar\backends\ouster.py", "Python", 0, 0, 0, 0, 0, 0, 0, 145, 0, 0, 0, 0, 0, 49, 32, 226
"c:\Users\TunahanDELİSALİHOĞLU\Desktop\Hydronom\python\sensors\lidar\backends\rplidar.py", "Python", 0, 0, 0, 0, 0, 0, 0, 187, 0, 0, 0, 0, 0, 54, 40, 281
"c:\Users\TunahanDELİSALİHOĞLU\Desktop\Hydronom\python\sensors\lidar\backends\sim.py", "Python", 0, 0, 0, 0, 0, 0, 0, 165, 0, 0, 0, 0, 0, 49, 51, 265
"c:\Users\TunahanDELİSALİHOĞLU\Desktop\Hydronom\python\sensors\lidar\config.py", "Python", 0, 0, 0, 0, 0, 0, 0, 11, 0, 0, 0, 0, 0, 8, 7, 26
"c:\Users\TunahanDELİSALİHOĞLU\Desktop\Hydronom\python\sensors\lidar\filters.py", "Python", 0, 0, 0, 0, 0, 0, 0, 3, 0, 0, 0, 0, 0, 1, 2, 6
"c:\Users\TunahanDELİSALİHOĞLU\Desktop\Hydronom\python\sensors\lidar\laser_scan.py", "Python", 0, 0, 0, 0, 0, 0, 0, 23, 0, 0, 0, 0, 0, 2, 2, 27
"c:\Users\TunahanDELİSALİHOĞLU\Desktop\Hydronom\python\sensors\lidar\lidar.py", "Python", 0, 0, 0, 0, 0, 0, 0, 218, 0, 0, 0, 0, 0, 32, 31, 281
"c:\Users\TunahanDELİSALİHOĞLU\Desktop\Hydronom\python\sensors\lidar\utils.py", "Python", 0, 0, 0, 0, 0, 0, 0, 16, 0, 0, 0, 0, 0, 1, 2, 19
"c:\Users\TunahanDELİSALİHOĞLU\Desktop\Hydronom\python\sensors\sensor_manager.py", "Python", 0, 0, 0, 0, 0, 0, 0, 466, 0, 0, 0, 0, 0, 68, 91, 625
"c:\Users\TunahanDELİSALİHOĞLU\Desktop\Hydronom\python\sensors\serial_utils.py", "Python", 0, 0, 0, 0, 0, 0, 0, 121, 0, 0, 0, 0, 0, 37, 19, 177
"c:\Users\TunahanDELİSALİHOĞLU\Desktop\Hydronom\python\sensors\twin_bus.py", "Python", 0, 0, 0, 0, 0, 0, 0, 49, 0, 0, 0, 0, 0, 20, 15, 84
"c:\Users\TunahanDELİSALİHOĞLU\Desktop\Hydronom\python\tests\__init__.py", "Python", 0, 0, 0, 0, 0, 0, 0, 0, 0, 0, 0, 0, 0, 0, 1, 1
"c:\Users\TunahanDELİSALİHOĞLU\Desktop\Hydronom\python\tests\publish_mock_fused.py", "Python", 0, 0, 0, 0, 0, 0, 0, 30, 0, 0, 0, 0, 0, 6, 7, 43
"c:\Users\TunahanDELİSALİHOĞLU\Desktop\Hydronom\python\tests\smoke_ekf.py", "Python", 0, 0, 0, 0, 0, 0, 0, 25, 0, 0, 0, 0, 0, 1, 7, 33
"c:\Users\TunahanDELİSALİHOĞLU\Desktop\Hydronom\python\tests\test_sample_gen.py", "Python", 0, 0, 0, 0, 0, 0, 0, 8, 0, 0, 0, 0, 0, 1, 2, 11
"c:\Users\TunahanDELİSALİHOĞLU\Desktop\Hydronom\src\Hydronom.AI\Clients\FakeAiClient.cs", "C#", 0, 0, 0, 0, 0, 0, 95, 0, 0, 0, 0, 0, 0, 4, 15, 114
"c:\Users\TunahanDELİSALİHOĞLU\Desktop\Hydronom\src\Hydronom.AI\Clients\LlamaJsonClient.cs", "C#", 0, 0, 0, 0, 0, 0, 218, 0, 0, 0, 0, 0, 0, 12, 51, 281
"c:\Users\TunahanDELİSALİHOĞLU\Desktop\Hydronom\src\Hydronom.AI\Hydronom.AI.csproj", "XML", 0, 0, 10, 0, 0, 0, 0, 0, 0, 0, 0, 0, 0, 0, 4, 14
"c:\Users\TunahanDELİSALİHOĞLU\Desktop\Hydronom\src\Hydronom.AI\Orchestration\AiContextBuilder.cs", "C#", 0, 0, 0, 0, 0, 0, 22, 0, 0, 0, 0, 0, 0, 1, 5, 28
"c:\Users\TunahanDELİSALİHOĞLU\Desktop\Hydronom\src\Hydronom.AI\Orchestration\AiOrchestrator.cs", "C#", 0, 0, 0, 0, 0, 0, 56, 0, 0, 0, 0, 0, 0, 4, 8, 68
"c:\Users\TunahanDELİSALİHOĞLU\Desktop\Hydronom\src\Hydronom.AI\Tooling\ToolRegistry.cs", "C#", 0, 0, 0, 0, 0, 0, 26, 0, 0, 0, 0, 0, 0, 0, 7, 33
"c:\Users\TunahanDELİSALİHOĞLU\Desktop\Hydronom\src\Hydronom.ControlApp\.vs\Hydronom.ControlApp\v17\DocumentLayout.backup.json", "JSON", 41, 0, 0, 0, 0, 0, 0, 0, 0, 0, 0, 0, 0, 0, 0, 41
"c:\Users\TunahanDELİSALİHOĞLU\Desktop\Hydronom\src\Hydronom.ControlApp\.vs\Hydronom.ControlApp\v17\DocumentLayout.json", "JSON", 41, 0, 0, 0, 0, 0, 0, 0, 0, 0, 0, 0, 0, 0, 0, 41
"c:\Users\TunahanDELİSALİHOĞLU\Desktop\Hydronom\src\Hydronom.ControlApp\Hydronom.ControlApp.csproj", "XML", 0, 0, 8, 0, 0, 0, 0, 0, 0, 0, 0, 0, 0, 0, 3, 11
"c:\Users\TunahanDELİSALİHOĞLU\Desktop\Hydronom\src\Hydronom.ControlApp\Program.cs", "C#", 0, 0, 0, 0, 0, 0, 315, 0, 0, 0, 0, 0, 0, 35, 56, 406
"c:\Users\TunahanDELİSALİHOĞLU\Desktop\Hydronom\src\Hydronom.Core\Bridges\PcaBridge.cs", "C#", 0, 0, 0, 0, 0, 0, 214, 0, 0, 0, 0, 0, 0, 62, 48, 324
"c:\Users\TunahanDELİSALİHOĞLU\Desktop\Hydronom\src\Hydronom.Core\Configs\geometry.surface.json", "JSON", 48, 0, 0, 0, 0, 0, 0, 0, 0, 0, 0, 0, 0, 0, 1, 49
"c:\Users\TunahanDELİSALİHOĞLU\Desktop\Hydronom\src\Hydronom.Core\Domain\AI\AiMessage.cs", "C#", 0, 0, 0, 0, 0, 0, 85, 0, 0, 0, 0, 0, 0, 19, 23, 127
"c:\Users\TunahanDELİSALİHOĞLU\Desktop\Hydronom\src\Hydronom.Core\Domain\AI\MissionPlan.cs", "C#", 0, 0, 0, 0, 0, 0, 19, 0, 0, 0, 0, 0, 0, 0, 3, 22
"c:\Users\TunahanDELİSALİHOĞLU\Desktop\Hydronom\src\Hydronom.Core\Domain\AI\SafetyPolicy.cs", "C#", 0, 0, 0, 0, 0, 0, 114, 0, 0, 0, 0, 0, 0, 1, 33, 148
"c:\Users\TunahanDELİSALİHOĞLU\Desktop\Hydronom\src\Hydronom.Core\Domain\AI\ToolCall.cs", "C#", 0, 0, 0, 0, 0, 0, 18, 0, 0, 0, 0, 0, 0, 0, 2, 20
"c:\Users\TunahanDELİSALİHOĞLU\Desktop\Hydronom\src\Hydronom.Core\Domain\AI\ToolResult.cs", "C#", 0, 0, 0, 0, 0, 0, 89, 0, 0, 0, 0, 0, 0, 0, 17, 106
"c:\Users\TunahanDELİSALİHOĞLU\Desktop\Hydronom\src\Hydronom.Core\Domain\AI\ToolSpec.cs", "C#", 0, 0, 0, 0, 0, 0, 106, 0, 0, 0, 0, 0, 0, 1, 23, 130
"c:\Users\TunahanDELİSALİHOĞLU\Desktop\Hydronom\src\Hydronom.Core\Domain\ChannelProfile.cs", "C#", 0, 0, 0, 0, 0, 0, 75, 0, 0, 0, 0, 0, 0, 100, 45, 220
"c:\Users\TunahanDELİSALİHOĞLU\Desktop\Hydronom\src\Hydronom.Core\Domain\ColregTypes.cs", "C#", 0, 0, 0, 0, 0, 0, 20, 0, 0, 0, 0, 0, 0, 4, 2, 26
"c:\Users\TunahanDELİSALİHOĞLU\Desktop\Hydronom\src\Hydronom.Core\Domain\DiscoveryConfig.cs", "C#", 0, 0, 0, 0, 0, 0, 30, 0, 0, 0, 0, 0, 0, 63, 29, 122
"c:\Users\TunahanDELİSALİHOĞLU\Desktop\Hydronom\src\Hydronom.Core\Domain\DiscoveryReport.cs", "C#", 0, 0, 0, 0, 0, 0, 44, 0, 0, 0, 0, 0, 0, 68, 28, 140
"c:\Users\TunahanDELİSALİHOĞLU\Desktop\Hydronom\src\Hydronom.Core\Domain\FeedbackRecord.cs", "C#", 0, 0, 0, 0, 0, 0, 56, 0, 0, 0, 0, 0, 0, 5, 7, 68
"c:\Users\TunahanDELİSALİHOĞLU\Desktop\Hydronom\src\Hydronom.Core\Domain\Matrix6xN.cs", "C#", 0, 0, 0, 0, 0, 0, 51, 0, 0, 0, 0, 0, 0, 11, 16, 78
"c:\Users\TunahanDELİSALİHOĞLU\Desktop\Hydronom\src\Hydronom.Core\Domain\Motor.cs", "C#", 0, 0, 0, 0, 0, 0, 72, 0, 0, 0, 0, 0, 0, 61, 17, 150
"c:\Users\TunahanDELİSALİHOĞLU\Desktop\Hydronom\src\Hydronom.Core\Domain\SensorTypes.cs", "C#", 0, 0, 0, 0, 0, 0, 29, 0, 0, 0, 0, 0, 0, 6, 4, 39
"c:\Users\TunahanDELİSALİHOĞLU\Desktop\Hydronom\src\Hydronom.Core\Domain\ThrusterDesc.cs", "C#", 0, 0, 0, 0, 0, 0, 18, 0, 0, 0, 0, 0, 0, 8, 1, 27
"c:\Users\TunahanDELİSALİHOĞLU\Desktop\Hydronom\src\Hydronom.Core\Domain\TwinGpsMessage.cs", "C#", 0, 0, 0, 0, 0, 0, 34, 0, 0, 0, 0, 0, 0, 48, 9, 91
"c:\Users\TunahanDELİSALİHOĞLU\Desktop\Hydronom\src\Hydronom.Core\Domain\TwinImuMessage.cs", "C#", 0, 0, 0, 0, 0, 0, 49, 0, 0, 0, 0, 0, 0, 64, 16, 129
"c:\Users\TunahanDELİSALİHOĞLU\Desktop\Hydronom\src\Hydronom.Core\Domain\Types.cs", "C#", 0, 0, 0, 0, 0, 0, 190, 0, 0, 0, 0, 0, 0, 60, 32, 282
"c:\Users\TunahanDELİSALİHOĞLU\Desktop\Hydronom\src\Hydronom.Core\Domain\Vec3.cs", "C#", 0, 0, 0, 0, 0, 0, 25, 0, 0, 0, 0, 0, 0, 3, 9, 37
"c:\Users\TunahanDELİSALİHOĞLU\Desktop\Hydronom\src\Hydronom.Core\Domain\VehicleState.cs", "C#", 0, 0, 0, 0, 0, 0, 319, 0, 0, 0, 0, 0, 0, 111, 76, 506
"c:\Users\TunahanDELİSALİHOĞLU\Desktop\Hydronom\src\Hydronom.Core\Hydronom.Core.csproj", "XML", 0, 0, 12, 0, 0, 0, 0, 0, 0, 0, 0, 0, 0, 1, 4, 17
"c:\Users\TunahanDELİSALİHOĞLU\Desktop\Hydronom\src\Hydronom.Core\Interfaces\AI\AiToolContext.cs", "C#", 0, 0, 0, 0, 0, 0, 43, 0, 0, 0, 0, 0, 0, 3, 12, 58
"c:\Users\TunahanDELİSALİHOĞLU\Desktop\Hydronom\src\Hydronom.Core\Interfaces\AI\IAiTool.cs", "C#", 0, 0, 0, 0, 0, 0, 13, 0, 0, 0, 0, 0, 0, 0, 3, 16
"c:\Users\TunahanDELİSALİHOĞLU\Desktop\Hydronom\src\Hydronom.Core\Interfaces\IActuator.cs", "C#", 0, 0, 0, 0, 0, 0, 8, 0, 0, 0, 0, 0, 0, 26, 2, 36
"c:\Users\TunahanDELİSALİHOĞLU\Desktop\Hydronom\src\Hydronom.Core\Interfaces\IActuatorBus.cs", "C#", 0, 0, 0, 0, 0, 0, 11, 0, 0, 0, 0, 0, 0, 36, 4, 51
"c:\Users\TunahanDELİSALİHOĞLU\Desktop\Hydronom\src\Hydronom.Core\Interfaces\IColregAdvisor.cs", "C#", 0, 0, 0, 0, 0, 0, 8, 0, 0, 0, 0, 0, 0, 4, 2, 14
"c:\Users\TunahanDELİSALİHOĞLU\Desktop\Hydronom\src\Hydronom.Core\Interfaces\IDiscoveryReporter.cs", "C#", 0, 0, 0, 0, 0, 0, 11, 0, 0, 0, 0, 0, 0, 28, 4, 43
"c:\Users\TunahanDELİSALİHOĞLU\Desktop\Hydronom\src\Hydronom.Core\Interfaces\IEnvironment.cs", "C#", 0, 0, 0, 0, 0, 0, 11, 0, 0, 0, 0, 0, 0, 41, 4, 56
"c:\Users\TunahanDELİSALİHOĞLU\Desktop\Hydronom\src\Hydronom.Core\Interfaces\IFrameSource.cs", "C#", 0, 0, 0, 0, 0, 0, 6, 0, 0, 0, 0, 0, 0, 40, 3, 49
"c:\Users\TunahanDELİSALİHOĞLU\Desktop\Hydronom\src\Hydronom.Core\Interfaces\IInertialSensor.cs", "C#", 0, 0, 0, 0, 0, 0, 38, 0, 0, 0, 0, 0, 0, 43, 11, 92
"c:\Users\TunahanDELİSALİHOĞLU\Desktop\Hydronom\src\Hydronom.Core\Interfaces\IKinematics.cs", "C#", 0, 0, 0, 0, 0, 0, 8, 0, 0, 0, 0, 0, 0, 16, 2, 26
"c:\Users\TunahanDELİSALİHOĞLU\Desktop\Hydronom\src\Hydronom.Core\Interfaces\ISensor.cs", "C#", 0, 0, 0, 0, 0, 0, 21, 0, 0, 0, 0, 0, 0, 22, 8, 51
"c:\Users\TunahanDELİSALİHOĞLU\Desktop\Hydronom\src\Hydronom.Core\Interfaces\ISensorBus.cs", "C#", 0, 0, 0, 0, 0, 0, 13, 0, 0, 0, 0, 0, 0, 24, 4, 41
"c:\Users\TunahanDELİSALİHOĞLU\Desktop\Hydronom\src\Hydronom.Core\Interfaces\IStateEstimator.cs", "C#", 0, 0, 0, 0, 0, 0, 10, 0, 0, 0, 0, 0, 0, 5, 3, 18
"c:\Users\TunahanDELİSALİHOĞLU\Desktop\Hydronom\src\Hydronom.Core\Interfaces\ITaskManager.cs", "C#", 0, 0, 0, 0, 0, 0, 11, 0, 0, 0, 0, 0, 0, 10, 5, 26
"c:\Users\TunahanDELİSALİHOĞLU\Desktop\Hydronom\src\Hydronom.Core\Interfaces\IThrusterDiscoverable.cs", "C#", 0, 0, 0, 0, 0, 0, 43, 0, 0, 0, 0, 0, 0, 38, 9, 90
"c:\Users\TunahanDELİSALİHOĞLU\Desktop\Hydronom\src\Hydronom.Core\Interfaces\Interfaces.cs", "C#", 0, 0, 0, 0, 0, 0, 22, 0, 0, 0, 0, 0, 0, 28, 5, 55
"c:\Users\TunahanDELİSALİHOĞLU\Desktop\Hydronom\src\Hydronom.Core\MathTools\MatrixMath.cs", "C#", 0, 0, 0, 0, 0, 0, 116, 0, 0, 0, 0, 0, 0, 69, 28, 213
"c:\Users\TunahanDELİSALİHOĞLU\Desktop\Hydronom\src\Hydronom.Core\Modules\AdvancedAnalysis.cs", "C#", 0, 0, 0, 0, 0, 0, 231, 0, 0, 0, 0, 0, 0, 37, 55, 323
"c:\Users\TunahanDELİSALİHOĞLU\Desktop\Hydronom\src\Hydronom.Core\Modules\AdvancedDecision.cs", "C#", 0, 0, 0, 0, 0, 0, 389, 0, 0, 0, 0, 0, 0, 108, 111, 608
"c:\Users\TunahanDELİSALİHOĞLU\Desktop\Hydronom\src\Hydronom.Core\Modules\AdvancedTaskManager.cs", "C#", 0, 0, 0, 0, 0, 0, 252, 0, 0, 0, 0, 0, 0, 42, 48, 342
"c:\Users\TunahanDELİSALİHOĞLU\Desktop\Hydronom\src\Hydronom.Core\Modules\AutoDiscoveryBridge.cs", "C#", 0, 0, 0, 0, 0, 0, 50, 0, 0, 0, 0, 0, 0, 23, 16, 89
"c:\Users\TunahanDELİSALİHOĞLU\Desktop\Hydronom\src\Hydronom.Core\Modules\AutoDiscoveryEngine.cs", "C#", 0, 0, 0, 0, 0, 0, 278, 0, 0, 0, 0, 0, 0, 115, 72, 465
"c:\Users\TunahanDELİSALİHOĞLU\Desktop\Hydronom\src\Hydronom.Core\Modules\BaselineAnalysis.cs", "C#", 0, 0, 0, 0, 0, 0, 109, 0, 0, 0, 0, 0, 0, 17, 22, 148
"c:\Users\TunahanDELİSALİHOĞLU\Desktop\Hydronom\src\Hydronom.Core\Modules\ConsoleFeedbackRecorder.cs", "C#", 0, 0, 0, 0, 0, 0, 25, 0, 0, 0, 0, 0, 0, 1, 5, 31
"c:\Users\TunahanDELİSALİHOĞLU\Desktop\Hydronom\src\Hydronom.Core\Modules\FusedDynamics.cs", "C#", 0, 0, 0, 0, 0, 0, 31, 0, 0, 0, 0, 0, 0, 30, 10, 71
"c:\Users\TunahanDELİSALİHOĞLU\Desktop\Hydronom\src\Hydronom.Core\Modules\MockMotorController.cs", "C#", 0, 0, 0, 0, 0, 0, 10, 0, 0, 0, 0, 0, 0, 1, 3, 14
"c:\Users\TunahanDELİSALİHOĞLU\Desktop\Hydronom\src\Hydronom.Core\Modules\PhysicsIntegrator.cs", "C#", 0, 0, 0, 0, 0, 0, 64, 0, 0, 0, 0, 0, 0, 44, 19, 127
"c:\Users\TunahanDELİSALİHOĞLU\Desktop\Hydronom\src\Hydronom.Core\Modules\SafetyLimiter.cs", "C#", 0, 0, 0, 0, 0, 0, 256, 0, 0, 0, 0, 0, 0, 101, 64, 421
"c:\Users\TunahanDELİSALİHOĞLU\Desktop\Hydronom\src\Hydronom.Core\Modules\SelfGeometry.cs", "C#", 0, 0, 0, 0, 0, 0, 0, 0, 0, 0, 0, 0, 0, 0, 1, 1
"c:\Users\TunahanDELİSALİHOĞLU\Desktop\Hydronom\src\Hydronom.Core\Modules\SimpleColregAdvisor.cs", "C#", 0, 0, 0, 0, 0, 0, 53, 0, 0, 0, 0, 0, 0, 4, 13, 70
"c:\Users\TunahanDELİSALİHOĞLU\Desktop\Hydronom\src\Hydronom.Core\Modules\SimpleDecision.cs", "C#", 0, 0, 0, 0, 0, 0, 221, 0, 0, 0, 0, 0, 0, 109, 80, 410
"c:\Users\TunahanDELİSALİHOĞLU\Desktop\Hydronom\src\Hydronom.Core\Modules\SimpleTaskManager.cs", "C#", 0, 0, 0, 0, 0, 0, 74, 0, 0, 0, 0, 0, 0, 23, 15, 112
"c:\Users\TunahanDELİSALİHOĞLU\Desktop\Hydronom\src\Hydronom.Core\Sensors\ImuBridge.cs", "C#", 0, 0, 0, 0, 0, 0, 93, 0, 0, 0, 0, 0, 0, 24, 28, 145
"c:\Users\TunahanDELİSALİHOĞLU\Desktop\Hydronom\src\Hydronom.Runtime\AI\AiGateway.cs", "C#", 0, 0, 0, 0, 0, 0, 89, 0, 0, 0, 0, 0, 0, 5, 23, 117
"c:\Users\TunahanDELİSALİHOĞLU\Desktop\Hydronom\src\Hydronom.Runtime\AI\ToolRegistry.cs", "C#", 0, 0, 0, 0, 0, 0, 78, 0, 0, 0, 0, 0, 0, 36, 24, 138
"c:\Users\TunahanDELİSALİHOĞLU\Desktop\Hydronom\src\Hydronom.Runtime\AI\Tools\RuntimeStatusTool.cs", "C#", 0, 0, 0, 0, 0, 0, 47, 0, 0, 0, 0, 0, 0, 0, 8, 55
"c:\Users\TunahanDELİSALİHOĞLU\Desktop\Hydronom\src\Hydronom.Runtime\AI\Tools\TelemetrySnapshotTool.cs", "C#", 0, 0, 0, 0, 0, 0, 85, 0, 0, 0, 0, 0, 0, 0, 14, 99
"c:\Users\TunahanDELİSALİHOĞLU\Desktop\Hydronom\src\Hydronom.Runtime\AI\Tools\TimeNowTool.cs", "C#", 0, 0, 0, 0, 0, 0, 38, 0, 0, 0, 0, 0, 0, 0, 7, 45
"c:\Users\TunahanDELİSALİHOĞLU\Desktop\Hydronom\src\Hydronom.Runtime\Actuators\ActuatorManager.cs", "C#", 0, 0, 0, 0, 0, 0, 1110, 0, 0, 0, 0, 0, 0, 81, 269, 1460
"c:\Users\TunahanDELİSALİHOĞLU\Desktop\Hydronom\src\Hydronom.Runtime\Actuators\LoggerActuator.cs", "C#", 0, 0, 0, 0, 0, 0, 12, 0, 0, 0, 0, 0, 0, 1, 2, 15
"c:\Users\TunahanDELİSALİHOĞLU\Desktop\Hydronom\src\Hydronom.Runtime\Actuators\MotorControllerActuator.cs", "C#", 0, 0, 0, 0, 0, 0, 21, 0, 0, 0, 0, 0, 0, 5, 4, 30
"c:\Users\TunahanDELİSALİHOĞLU\Desktop\Hydronom\src\Hydronom.Runtime\Buses\ActuatorBus.cs", "C#", 0, 0, 0, 0, 0, 0, 31, 0, 0, 0, 0, 0, 0, 5, 7, 43
"c:\Users\TunahanDELİSALİHOĞLU\Desktop\Hydronom\src\Hydronom.Runtime\Buses\FusedBus.cs", "C#", 0, 0, 0, 0, 0, 0, 13, 0, 0, 0, 0, 0, 0, 5, 3, 21
"c:\Users\TunahanDELİSALİHOĞLU\Desktop\Hydronom\src\Hydronom.Runtime\Buses\SensorBus.cs", "C#", 0, 0, 0, 0, 0, 0, 30, 0, 0, 0, 0, 0, 0, 15, 6, 51
"c:\Users\TunahanDELİSALİHOĞLU\Desktop\Hydronom\src\Hydronom.Runtime\Buses\SensorInbox.cs", "C#", 0, 0, 0, 0, 0, 0, 11, 0, 0, 0, 0, 0, 0, 3, 4, 18
"c:\Users\TunahanDELİSALİHOĞLU\Desktop\Hydronom\src\Hydronom.Runtime\Buses\TcpJsonIngestor.cs", "C#", 0, 0, 0, 0, 0, 0, 33, 0, 0, 0, 0, 0, 0, 2, 4, 39
"c:\Users\TunahanDELİSALİHOĞLU\Desktop\Hydronom\src\Hydronom.Runtime\CommandServer.cs", "C#", 0, 0, 0, 0, 0, 0, 697, 0, 0, 0, 0, 0, 0, 0, 99, 796
"c:\Users\TunahanDELİSALİHOĞLU\Desktop\Hydronom\src\Hydronom.Runtime\Configs\actuators.discovered.json", "JSON", 8, 0, 0, 0, 0, 0, 0, 0, 0, 0, 0, 0, 0, 0, 1, 9
"c:\Users\TunahanDELİSALİHOĞLU\Desktop\Hydronom\src\Hydronom.Runtime\Configs\actuators.json", "JSON", 28, 0, 0, 0, 0, 0, 0, 0, 0, 0, 0, 0, 0, 0, 1, 29
"c:\Users\TunahanDELİSALİHOĞLU\Desktop\Hydronom\src\Hydronom.Runtime\Configs\analysis.json", "JSON", 6, 0, 0, 0, 0, 0, 0, 0, 0, 0, 0, 0, 0, 0, 1, 7
"c:\Users\TunahanDELİSALİHOĞLU\Desktop\Hydronom\src\Hydronom.Runtime\Configs\control.json", "JSON", 13, 0, 0, 0, 0, 0, 0, 0, 0, 0, 0, 0, 0, 0, 1, 14
"c:\Users\TunahanDELİSALİHOĞLU\Desktop\Hydronom\src\Hydronom.Runtime\Configs\discovery.json", "JSON", 7, 0, 0, 0, 0, 0, 0, 0, 0, 0, 0, 0, 0, 0, 1, 8
"c:\Users\TunahanDELİSALİHOĞLU\Desktop\Hydronom\src\Hydronom.Runtime\Configs\logging.json", "JSON", 10, 0, 0, 0, 0, 0, 0, 0, 0, 0, 0, 0, 0, 0, 1, 11
"c:\Users\TunahanDELİSALİHOĞLU\Desktop\Hydronom\src\Hydronom.Runtime\Configs\physics.json", "JSON", 36, 0, 0, 0, 0, 0, 0, 0, 0, 0, 0, 0, 0, 0, 0, 36
"c:\Users\TunahanDELİSALİHOĞLU\Desktop\Hydronom\src\Hydronom.Runtime\Configs\runtime.json", "JSON", 6, 0, 0, 0, 0, 0, 0, 0, 0, 0, 0, 0, 0, 0, 1, 7
"c:\Users\TunahanDELİSALİHOĞLU\Desktop\Hydronom\src\Hydronom.Runtime\Configs\sensors.json", "JSON", 14, 0, 0, 0, 0, 0, 0, 0, 0, 0, 0, 0, 0, 0, 1, 15
"c:\Users\TunahanDELİSALİHOĞLU\Desktop\Hydronom\src\Hydronom.Runtime\Configs\simulation.json", "JSON", 17, 0, 0, 0, 0, 0, 0, 0, 0, 0, 0, 0, 0, 0, 2, 19
"c:\Users\TunahanDELİSALİHOĞLU\Desktop\Hydronom\src\Hydronom.Runtime\Configs\tasks.defaults.json", "JSON", 7, 0, 0, 0, 0, 0, 0, 0, 0, 0, 0, 0, 0, 0, 1, 8
"c:\Users\TunahanDELİSALİHOĞLU\Desktop\Hydronom\src\Hydronom.Runtime\Configs\thrusters.geometry.json", "JSON", 42, 0, 0, 0, 0, 0, 0, 0, 0, 0, 0, 0, 0, 0, 3, 45
"c:\Users\TunahanDELİSALİHOĞLU\Desktop\Hydronom\src\Hydronom.Runtime\Hydronom.Runtime.csproj", "XML", 0, 0, 28, 0, 0, 0, 0, 0, 0, 0, 0, 0, 0, 6, 7, 41
"c:\Users\TunahanDELİSALİHOĞLU\Desktop\Hydronom\src\Hydronom.Runtime\Native\NativeSensorsBridge.cs", "C#", 0, 0, 0, 0, 0, 0, 257, 0, 0, 0, 0, 0, 0, 56, 70, 383
"c:\Users\TunahanDELİSALİHOĞLU\Desktop\Hydronom\src\Hydronom.Runtime\Program.cs", "C#", 0, 0, 0, 0, 0, 0, 1167, 0, 0, 0, 0, 0, 0, 119, 234, 1520
"c:\Users\TunahanDELİSALİHOĞLU\Desktop\Hydronom\src\Hydronom.Runtime\Setup\VehicleSetupWizard.cs", "C#", 0, 0, 0, 0, 0, 0, 63, 0, 0, 0, 0, 0, 0, 16, 9, 88
"c:\Users\TunahanDELİSALİHOĞLU\Desktop\Hydronom\src\Hydronom.Runtime\TcpJsonFrameSource.cs", "C#", 0, 0, 0, 0, 0, 0, 262, 0, 0, 0, 0, 0, 0, 90, 58, 410
"c:\Users\TunahanDELİSALİHOĞLU\Desktop\Hydronom\src\Hydronom.Runtime\TcpJsonServer.cs", "C#", 0, 0, 0, 0, 0, 0, 697, 0, 0, 0, 0, 0, 0, 7, 126, 830
"c:\Users\TunahanDELİSALİHOĞLU\Desktop\Hydronom\src\Hydronom.Runtime\Tuning\IExternalPoseProvider.cs", "C#", 0, 0, 0, 0, 0, 0, 18, 0, 0, 0, 0, 0, 0, 8, 5, 31
"c:\Users\TunahanDELİSALİHOĞLU\Desktop\Hydronom\src\Hydronom.Runtime\Tuning\ITuningSink.cs", "C#", 0, 0, 0, 0, 0, 0, 18, 0, 0, 0, 0, 0, 0, 0, 3, 21
"c:\Users\TunahanDELİSALİHOĞLU\Desktop\Hydronom\src\Hydronom.Runtime\Tuning\InlineTuner.cs", "C#", 0, 0, 0, 0, 0, 0, 70, 0, 0, 0, 0, 0, 0, 3, 12, 85
"c:\Users\TunahanDELİSALİHOĞLU\Desktop\Hydronom\src\Hydronom.Runtime\Twin\ITwinPublisher.cs", "C#", 0, 0, 0, 0, 0, 0, 10, 0, 0, 0, 0, 0, 0, 11, 1, 22
"c:\Users\TunahanDELİSALİHOĞLU\Desktop\Hydronom\src\Hydronom.Runtime\Twin\TcpTwinPublisher.cs", "C#", 0, 0, 0, 0, 0, 0, 111, 0, 0, 0, 0, 0, 0, 60, 29, 200
"c:\Users\TunahanDELİSALİHOĞLU\Desktop\Hydronom\src\Hydronom.Runtime\appsettings.json", "JSON", 65, 0, 0, 0, 0, 0, 0, 0, 0, 0, 0, 0, 0, 0, 7, 72
"c:\Users\TunahanDELİSALİHOĞLU\Desktop\Hydronom\src\HydronomOps.Gateway\BackgroundJobs\HeartbeatBroadcastWorker.cs", "C#", 0, 0, 0, 0, 0, 0, 64, 0, 0, 0, 0, 0, 0, 3, 10, 77
"c:\Users\TunahanDELİSALİHOĞLU\Desktop\Hydronom\src\HydronomOps.Gateway\Configuration\GatewayOptions.cs", "C#", 0, 0, 0, 0, 0, 0, 11, 0, 0, 0, 0, 0, 0, 21, 7, 39
"c:\Users\TunahanDELİSALİHOĞLU\Desktop\Hydronom\src\HydronomOps.Gateway\Configuration\RuntimeTcpOptions.cs", "C#", 0, 0, 0, 0, 0, 0, 14, 0, 0, 0, 0, 0, 0, 30, 10, 54
"c:\Users\TunahanDELİSALİHOĞLU\Desktop\Hydronom\src\HydronomOps.Gateway\Configuration\WebSocketOptions.cs", "C#", 0, 0, 0, 0, 0, 0, 11, 0, 0, 0, 0, 0, 0, 21, 7, 39
"c:\Users\TunahanDELİSALİHOĞLU\Desktop\Hydronom\src\HydronomOps.Gateway\Contracts\Actuators\ActuatorStateDto.cs", "C#", 0, 0, 0, 0, 0, 0, 23, 0, 0, 0, 0, 0, 0, 54, 17, 94
"c:\Users\TunahanDELİSALİHOĞLU\Desktop\Hydronom\src\HydronomOps.Gateway\Contracts\Common\FreshnessDto.cs", "C#", 0, 0, 0, 0, 0, 0, 9, 0, 0, 0, 0, 0, 0, 18, 5, 32
"c:\Users\TunahanDELİSALİHOĞLU\Desktop\Hydronom\src\HydronomOps.Gateway\Contracts\Common\GatewayEnvelope.cs", "C#", 0, 0, 0, 0, 0, 0, 11, 0, 0, 0, 0, 0, 0, 22, 7, 40
"c:\Users\TunahanDELİSALİHOĞLU\Desktop\Hydronom\src\HydronomOps.Gateway\Contracts\Common\GatewayMessageType.cs", "C#", 0, 0, 0, 0, 0, 0, 12, 0, 0, 0, 0, 0, 0, 3, 1, 16
"c:\Users\TunahanDELİSALİHOĞLU\Desktop\Hydronom\src\HydronomOps.Gateway\Contracts\Diagnostics\DiagnosticsStateDto.cs", "C#", 0, 0, 0, 0, 0, 0, 17, 0, 0, 0, 0, 0, 0, 36, 12, 65
"c:\Users\TunahanDELİSALİHOĞLU\Desktop\Hydronom\src\HydronomOps.Gateway\Contracts\Diagnostics\GatewayLogDto.cs", "C#", 0, 0, 0, 0, 0, 0, 10, 0, 0, 0, 0, 0, 0, 20, 6, 36
"c:\Users\TunahanDELİSALİHOĞLU\Desktop\Hydronom\src\HydronomOps.Gateway\Contracts\Diagnostics\HeartbeatDto.cs", "C#", 0, 0, 0, 0, 0, 0, 12, 0, 0, 0, 0, 0, 0, 21, 7, 40
"c:\Users\TunahanDELİSALİHOĞLU\Desktop\Hydronom\src\HydronomOps.Gateway\Contracts\Mission\MissionStateDto.cs", "C#", 0, 0, 0, 0, 0, 0, 21, 0, 0, 0, 0, 0, 0, 46, 15, 82
"c:\Users\TunahanDELİSALİHOĞLU\Desktop\Hydronom\src\HydronomOps.Gateway\Contracts\Sensors\SensorStateDto.cs", "C#", 0, 0, 0, 0, 0, 0, 23, 0, 0, 0, 0, 0, 0, 52, 17, 92
"c:\Users\TunahanDELİSALİHOĞLU\Desktop\Hydronom\src\HydronomOps.Gateway\Contracts\Vehicle\VehicleTelemetryDto.cs", "C#", 0, 0, 0, 0, 0, 0, 62, 0, 0, 0, 0, 0, 0, 152, 44, 258
"c:\Users\TunahanDELİSALİHOĞLU\Desktop\Hydronom\src\HydronomOps.Gateway\Domain\GatewayClientConnection.cs", "C#", 0, 0, 0, 0, 0, 0, 18, 0, 0, 0, 0, 0, 0, 27, 9, 54
"c:\Users\TunahanDELİSALİHOĞLU\Desktop\Hydronom\src\HydronomOps.Gateway\Domain\VehicleAggregateState.cs", "C#", 0, 0, 0, 0, 0, 0, 34, 0, 0, 0, 0, 0, 0, 72, 24, 130
"c:\Users\TunahanDELİSALİHOĞLU\Desktop\Hydronom\src\HydronomOps.Gateway\Endpoints\SnapshotEndpointExtensions.cs", "C#", 0, 0, 0, 0, 0, 0, 34, 0, 0, 0, 0, 0, 0, 3, 5, 42
"c:\Users\TunahanDELİSALİHOĞLU\Desktop\Hydronom\src\HydronomOps.Gateway\Endpoints\StatusEndpointExtensions.cs", "C#", 0, 0, 0, 0, 0, 0, 26, 0, 0, 0, 0, 0, 0, 3, 4, 33
"c:\Users\TunahanDELİSALİHOĞLU\Desktop\Hydronom\src\HydronomOps.Gateway\Endpoints\WebSocketEndpointExtensions.cs", "C#", 0, 0, 0, 0, 0, 0, 155, 0, 0, 0, 0, 0, 0, 19, 28, 202
"c:\Users\TunahanDELİSALİHOĞLU\Desktop\Hydronom\src\HydronomOps.Gateway\HydronomOps.Gateway.csproj", "XML", 0, 0, 7, 0, 0, 0, 0, 0, 0, 0, 0, 0, 0, 0, 3, 10
"c:\Users\TunahanDELİSALİHOĞLU\Desktop\Hydronom\src\HydronomOps.Gateway\Infrastructure\Broadcast\GatewayBroadcastService.cs", "C#", 0, 0, 0, 0, 0, 0, 146, 0, 0, 0, 0, 0, 0, 31, 27, 204
"c:\Users\TunahanDELİSALİHOĞLU\Desktop\Hydronom\src\HydronomOps.Gateway\Infrastructure\Broadcast\GatewayWebSocketConnectionManager.cs", "C#", 0, 0, 0, 0, 0, 0, 123, 0, 0, 0, 0, 0, 0, 45, 21, 189
"c:\Users\TunahanDELİSALİHOĞLU\Desktop\Hydronom\src\HydronomOps.Gateway\Infrastructure\Serialization\JsonDefaults.cs", "C#", 0, 0, 0, 0, 0, 0, 15, 0, 0, 0, 0, 0, 0, 3, 3, 21
"c:\Users\TunahanDELİSALİHOĞLU\Desktop\Hydronom\src\HydronomOps.Gateway\Infrastructure\TcpIngress\RuntimeFrameParser.cs", "C#", 0, 0, 0, 0, 0, 0, 618, 0, 0, 0, 0, 0, 0, 6, 113, 737
"c:\Users\TunahanDELİSALİHOĞLU\Desktop\Hydronom\src\HydronomOps.Gateway\Infrastructure\TcpIngress\RuntimeIngressHostedService.cs", "C#", 0, 0, 0, 0, 0, 0, 179, 0, 0, 0, 0, 0, 0, 22, 30, 231
"c:\Users\TunahanDELİSALİHOĞLU\Desktop\Hydronom\src\HydronomOps.Gateway\Infrastructure\TcpIngress\RuntimeTcpClientService.cs", "C#", 0, 0, 0, 0, 0, 0, 212, 0, 0, 0, 0, 0, 0, 42, 51, 305
"c:\Users\TunahanDELİSALİHOĞLU\Desktop\Hydronom\src\HydronomOps.Gateway\Infrastructure\Time\ISystemClock.cs", "C#", 0, 0, 0, 0, 0, 0, 5, 0, 0, 0, 0, 0, 0, 6, 1, 12
"c:\Users\TunahanDELİSALİHOĞLU\Desktop\Hydronom\src\HydronomOps.Gateway\Infrastructure\Time\SystemClock.cs", "C#", 0, 0, 0, 0, 0, 0, 5, 0, 0, 0, 0, 0, 0, 6, 1, 12
"c:\Users\TunahanDELİSALİHOĞLU\Desktop\Hydronom\src\HydronomOps.Gateway\Program.cs", "C#", 0, 0, 0, 0, 0, 0, 39, 0, 0, 0, 0, 0, 0, 0, 14, 53
"c:\Users\TunahanDELİSALİHOĞLU\Desktop\Hydronom\src\HydronomOps.Gateway\Properties\launchSettings.json", "JSON", 23, 0, 0, 0, 0, 0, 0, 0, 0, 0, 0, 0, 0, 0, 1, 24
"c:\Users\TunahanDELİSALİHOĞLU\Desktop\Hydronom\src\HydronomOps.Gateway\Services\Health\GatewayHealthService.cs", "C#", 0, 0, 0, 0, 0, 0, 88, 0, 0, 0, 0, 0, 0, 3, 10, 101
"c:\Users\TunahanDELİSALİHOĞLU\Desktop\Hydronom\src\HydronomOps.Gateway\Services\Health\IGatewayHealthService.cs", "C#", 0, 0, 0, 0, 0, 0, 10, 0, 0, 0, 0, 0, 0, 3, 2, 15
"c:\Users\TunahanDELİSALİHOĞLU\Desktop\Hydronom\src\HydronomOps.Gateway\Services\Mapping\RuntimeToGatewayMapper.cs", "C#", 0, 0, 0, 0, 0, 0, 928, 0, 0, 0, 0, 0, 0, 13, 162, 1103
"c:\Users\TunahanDELİSALİHOĞLU\Desktop\Hydronom\src\HydronomOps.Gateway\Services\State\GatewayStateStore.cs", "C#", 0, 0, 0, 0, 0, 0, 327, 0, 0, 0, 0, 0, 0, 4, 43, 374
"c:\Users\TunahanDELİSALİHOĞLU\Desktop\Hydronom\src\HydronomOps.Gateway\Services\State\IGatewayStateStore.cs", "C#", 0, 0, 0, 0, 0, 0, 24, 0, 0, 0, 0, 0, 0, 3, 7, 34
"c:\Users\TunahanDELİSALİHOĞLU\Desktop\Hydronom\src\HydronomOps.Gateway\appsettings.Development.json", "JSON", 8, 0, 0, 0, 0, 0, 0, 0, 0, 0, 0, 0, 0, 0, 1, 9
"c:\Users\TunahanDELİSALİHOĞLU\Desktop\Hydronom\src\HydronomOps.Gateway\appsettings.json", "JSON", 31, 0, 0, 0, 0, 0, 0, 0, 0, 0, 0, 0, 0, 0, 0, 31
"Total", "-", 5970, 3258, 67, 1594, 23, 513, 13172, 8541, 4335, 306, 54, 168, 130, 6219, 6660, 51010